DEL komplett + Topic Modeling	Wikidata Ids (zu DEL-Begriffen)	Wikidata URLs	Wikidata Label (fr)	Wikidata Label (de)	Wikidata Label (en)
Absolutisme éclairé	Q219934	https://www.wikidata.org/wiki/Q219934	despotisme éclairé	aufgeklärter Absolutismus	enlightened absolutism
Abus de mots	Q1057682	https://www.wikidata.org/wiki/Q1057682	abus de langage	Malapropismus	malapropism
académie	Q162633	https://www.wikidata.org/wiki/Q162633	académie	Akademie	acadamy
Accouchement	Q34581	https://www.wikidata.org/wiki/Q34581	accouchement	Geburt	childbirth
Acoustique	Q82811	https://www.wikidata.org/wiki/Q82811	acoustique	Akustik	acoustics
administration	Q3754526	https://www.wikidata.org/wiki/Q3754526	administration		administration
Affinité	Q3233502	https://www.wikidata.org/wiki/Q3233502	Affinité		affinity
Afrique	Q2826196	https://www.wikidata.org/wiki/Q2826196	Afrique	Afrique	Afrique
Agriculture	Q11451	https://www.wikidata.org/wiki/Q11451	Agriculture	Landwirtschaft	agriculture
Alchimie	Q39689	https://www.wikidata.org/wiki/Q39689	Alchimie	Alchemie	alchemy
Algèbre	Q3968	https://www.wikidata.org/wiki/Q3968	Algèbre	Algebra	algebra
allégorie	Q18535	https://www.wikidata.org/wiki/Q18535	allégorie	Allegorie	allegory
Allemagne	Q183	https://www.wikidata.org/wiki/Q183	Allemagne	Deutschland	Germany
Allemagnes et Saint-Empire	Q12548	https://www.wikidata.org/wiki/Q12548	Saint-Empire romain germanique	Heiliges Römisches Reich	Holy Roman Empire
Amérique du Nord	Q49	https://www.wikidata.org/wiki/Q49	Amériquee du Nord	Nordamerika	North America
Amérique latine	Q12585	https://www.wikidata.org/wiki/Q12585	Amérique latine	Lateinamerika	Latin America
Amour	Q316	https://www.wikidata.org/wiki/Q316	Amour	Liebe	Love
Anarchie	Q31895	https://www.wikidata.org/wiki/Q31895	anarchie	Anarchie	Anarchy
Anatomie	Q514	https://www.wikidata.org/wiki/Q514	Anatomie	Anatomie	Anatomy
"Querelle des Anciens et des Modernes "	Q267863	https://www.wikidata.org/wiki/Q267863	"Querelle des Anciens et des Modernes "	Querelle des Anciens et des Modernes	"Quarrel of the Ancients and the Moderns "
Angleterre	Q21	https://www.wikidata.org/wiki/Q21	Angleterre	England	England
"Anti-Lumières "	Q457998	https://www.wikidata.org/wiki/Q457998	"Anti-Lumières "	Gegenaufklärung	Counter-Enlightenment
antique	Q486761	https://www.wikidata.org/wiki/Q486761	antiquité (classique)	Antike	(Classic) antiquity
apologétique	Q191776	https://www.wikidata.org/wiki/Q191776	apologétique	Apologetik	Apologetics
Archéologie	Q23498	https://www.wikidata.org/wiki/Q23498	Archéologie	Archäologie	archeology
Architecture	Q12271	https://www.wikidata.org/wiki/Q12271	Architecture	Architektur	architecture
"Armée "	Q37726	https://www.wikidata.org/wiki/Q37726	"armée de terre "	Heer	army
Art	Q735	https://www.wikidata.org/wiki/Q735	art	Kunst	art
"Astronomie "	Q333	https://www.wikidata.org/wiki/Q333	Astronomie	Astronomie	astronomy
"Atelier "	Q2072285	https://www.wikidata.org/wiki/Q2072285	Atelier	Atelier	atelier
"Athéisme "	Q7066	https://www.wikidata.org/wiki/Q7066	athéisme	Atheismus	atheism
Attraction	Q24238252	https://www.wikidata.org/wiki/Q24238252	Attraction	Anziehung	attraction
"Autobiographie "	Q4184	https://www.wikidata.org/wiki/Q4184	autobiographie	Autobiografie	autobiography
Aventure	Q1436734	https://www.wikidata.org/wiki/Q1436734	adventure	Abenteuer	adventure
"Balistique "	Q184631	https://www.wikidata.org/wiki/Q184631	Balistique	Ballistik	balistics
"Balkans "	Q23522	https://www.wikidata.org/wiki/Q23522	Balkans	Balkanhalbinsel	Balkans
Banque	Q22687	https://www.wikidata.org/wiki/Q22687	Banque	Bank	bank
Barbare	Q134313	https://www.wikidata.org/wiki/Q134313	Barbare	Barbar	barbarian
noble sauvage	Q829689	https://www.wikidata.org/wiki/Q829689	bon sauvage	edler Wilder	noble savage
"Baroque "	Q37853	https://www.wikidata.org/wiki/Q37853	Baroque	Barock	Baroque
Beauté	Q7242	https://www.wikidata.org/wiki/Q7242	Beauté	Schönheit	Beauty
"Bible "	Q1845	https://www.wikidata.org/wiki/Q1845	Bible	Bibel	Bible
"Bibliophilie "	Q18120029	https://www.wikidata.org/wiki/Q18120029	Bibliophile	Bibliophiler	Bibiliophile
"Bibliothèque "	Q7075	https://www.wikidata.org/wiki/Q7075	"Bibliothèque "	Bibliothek	Library
"Bienfaisance "	Q84426996	https://www.wikidata.org/wiki/Q84426996	Bienfaisance		beneficience
"Bonheur "	Q8	https://www.wikidata.org/wiki/Q8	Bonheur	Glück	happiness
Botanique	Q441	https://www.wikidata.org/wiki/Q441	"Botanique "	Botanik	botany
"Boudoir "	Q62238	https://www.wikidata.org/wiki/Q62238	boudoir	Boudoir	boudoir
Bouffon	Q215548	https://www.wikidata.org/wiki/Q215548	Bouffon	Narr	jester
Bureaucratie	Q72468	https://www.wikidata.org/wiki/Q72468	Bureaucratie	Bürokratie	bureaucracy
cabinet de curiosité	Q1146002	https://www.wikidata.org/wiki/Q1146002	cabinet de curiosités	Wunderkammer	"cabinet of curiosities "
Café	Q30022	https://www.wikidata.org/wiki/Q30022	Café	Café	coffeehouse
Canal	Q12284	https://www.wikidata.org/wiki/Q12284	canal	Kanal	canal
"Capitalisme "	Q6206	https://www.wikidata.org/wiki/Q6206	Capitalisme	Kapitalismus	capitalism
"Caricature "	Q482919	https://www.wikidata.org/wiki/Q482919	caricature	Karikatur	caricature
cartographie	Q42515	https://www.wikidata.org/wiki/Q42515	cartographie	Kartografie	cartography
castration	Q58929	https://www.wikidata.org/wiki/Q58929	castration	Kastration	castration
"Catholicisme "	Q1841	https://www.wikidata.org/wiki/Q1841	catholicisme	Katholizismus	catholicism
"Censure "	Q5058947	https://www.wikidata.org/wiki/Q5058947	Censure		censure
"Chaleur "	Q44432	https://www.wikidata.org/wiki/Q44432	chaleur	Wärme	heat
"Chanson "	Q7366	https://www.wikidata.org/wiki/Q7366	chanson	Lied	song
"Chimie "	Q2329	https://www.wikidata.org/wiki/Q2329	Chimie	Chemie	chemistry
"Chine "	Q29520	https://www.wikidata.org/wiki/Q29520	chine	China	china
"Chirurgie "	Q40821	https://www.wikidata.org/wiki/Q40821	Chirurgie	Chirurgie	surgery
"citoyenneté "	Q42138	https://www.wikidata.org/wiki/Q42138	"citoyenneté "	Staatsbürgerschaft	citizenship
Civilisation	Q8432	https://www.wikidata.org/wiki/Q8432	Civilisation	Zivilisation	civilization
Classe sociale	Q187588	https://www.wikidata.org/wiki/Q187588	Classe sociale	soziale Klasse	social class
Classicisme	Q170292	https://www.wikidata.org/wiki/Q170292	classicisme	Klassizismus	"classicism "
"Classification "	Q13582682	https://www.wikidata.org/wiki/Q13582682		Klassifizierung	Classific
Clergé	Q177826	https://www.wikidata.org/wiki/Q177826	Clergé	Klerus	clergy
"curiosité "	Q7167	https://www.wikidata.org/wiki/Q366791	curiosité	Kolonialismus	curiosity
Colonialisme	Q7167	https://www.wikidata.org/wiki/Q7167	Colonialisme	Kolonialismus	colonialism
colportage	Q154273	https://www.wikidata.org/wiki/Q154273	colportage	Kolportage	colportage
"Comédie "	Q40831	https://www.wikidata.org/wiki/Q40831	Comédie	Komödie	comedy
"Commedia dell'arte "	Q191890	https://www.wikidata.org/wiki/Q191890	Commedia dell'arte	Commedia dell’arte	Commedia dell'arte
"Commerce "	Q26643	https://www.wikidata.org/wiki/Q26643	Commerce	Kommerz	commerce
village	Q532	https://www.wikidata.org/wiki/Q532	village	Dorf	village
"Confrérie "	Q992253	https://www.wikidata.org/wiki/Q992253	confrérie	Bruderschaft	confraternity
"Conte "	Q7679101	https://www.wikidata.org/wiki/Q7679101	Conte	Conte	conte
"Contrat social "	Q1326430	https://www.wikidata.org/wiki/Q1326430	contrat coscial	Sozialvertrag	social contract
"Contre-Révolution "	Q755138	https://www.wikidata.org/wiki/Q755138	Contre-révolution	Konterrevolution	counter-revolution
"Conversation "	Q52943	https://www.wikidata.org/wiki/Q52943	conversation	Konversation	conversation
Corporation	Q170161	https://www.wikidata.org/wiki/Q170161	guild	Zunft	corporation
"Corps "	Q170494	https://www.wikidata.org/wiki/Q170494	corps	Körper	body
"Correspondance "	Q1784733	https://www.wikidata.org/wiki/Q1784733	correspondance	Korrespondenz	correspondence
Correspondance littéraire	Q2250271	https://www.wikidata.org/wiki/Q2250271	Correspondance littéraire	Briefliteratur	Correspondance littéraire
"Cosmopolitisme "	Q188843	https://www.wikidata.org/wiki/Q188843	"Cosmopolitisme "	Kosmopolitismus	cosmopolitanism
"Couleur "	Q1075	https://www.wikidata.org/wiki/Q1075	couleur	Farbe	color
"Cour "	Q1134237	https://www.wikidata.org/wiki/Q1134237	cour	Hofstaat	court
"Critique d'art "	Q1143847	https://www.wikidata.org/wiki/Q1143847	Critique d‘art	Kunstkritik	Art criticism
"Culture populaire "	Q131265	https://www.wikidata.org/wiki/Q131265	Culture populaire	Popkultur	Popular culture
"Danemark "	Q35	https://www.wikidata.org/wiki/Q35	Danemark	Dänemark	denmark
"Danse "	Q11639	https://www.wikidata.org/wiki/Q11639	Danse	Tanz	dance
déchristianisation	Q1344444	https://www.wikidata.org/wiki/Q1344444	déchristianisation	Entchristianisierung	Dechristianisation of France during the French Revolution
"décoration "	Q11796413	https://www.wikidata.org/wiki/Q11796413	décoration	Orden und Ehrenzeichen	decoration
"déisme "	Q620629	https://www.wikidata.org/wiki/Q620629	déisme	Deismus	deism
"démographie "	Q37732	https://www.wikidata.org/wiki/Q37732	démographie	Demografie	demography
"Dessin "	Q93184	https://www.wikidata.org/wiki/Q93184	Dessin	Zeichnung	Drawing
"Diable "	Q6674	https://www.wikidata.org/wiki/Q6674	diable	Teufel	devil
"Dialogue "	Q131395	https://www.wikidata.org/wiki/Q131395	Dialogue	Dialog	Dialogue
"Dictionnaire "	Q23622	https://www.wikidata.org/wiki/Q23622	dictionnaire	Wörterbuch	dictionary
"Dieu "	Q190	https://www.wikidata.org/wiki/Q190	Dieu	Gott	God
dilettantisme	Q16027925	https://www.wikidata.org/wiki/Q16027925	x	Dilettantismus	dilettantism
Domestique	Q54128	https://www.wikidata.org/wiki/Q54128	domestique	Hauspersonal	domestic worker
scepticisme	Q1395219	https://www.wikidata.org/wiki/Q1395219	scepticisme	Skeptizismus	"skepticism "
"Drame "	Q25372	https://www.wikidata.org/wiki/Q25372	drame	Drama	drama
Droit naturel	Q29524	https://www.wikidata.org/wiki/Q29524	Droit naturel	Naturrecht	Natural law
droits de l'homme	Q8458	https://www.wikidata.org/wiki/Q8458	droits humains	Menschenrechte	human rights
"Droit public "	Q207892	https://www.wikidata.org/wiki/Q207892	droit public	öffentliches Recht	Public law
"éclectisme "	Q192068	https://www.wikidata.org/wiki/Q192068	éclecticisme	Eklektizismus	eclecticism
économie	Q159810	https://www.wikidata.org/wiki/Q159810	économie	Wirtschaft	economy
"Écosse "	Q22	https://www.wikidata.org/wiki/Q22	Écosse	Schottland	Scotland
éducation	Q8434	https://www.wikidata.org/wiki/Q8434	éducation	Ausbildung	education
égalité	Q773009	https://www.wikidata.org/wiki/Q773009	égalité	Gleichheit	equality
égyptomanie	Q254272	https://www.wikidata.org/wiki/Q254272	égyptomanie	Ägyptomanie	egyptomania
"électricité "	Q12725	https://www.wikidata.org/wiki/Q12725	"électricité "	Elektrizität	electricity
"éloquence "	Q1489271	https://www.wikidata.org/wiki/Q1489271	"éloquence "	Sprachfertigkeit	eloquence
"Empirisme "	Q83368	https://www.wikidata.org/wiki/Q83368	empirisme	Empirismus	empiricism
"encyclopédie "	Q5292	https://www.wikidata.org/wiki/Q5292	"encyclopédie "	Enzyklopädie	encyclopedia
"énergie "	Q11379	https://www.wikidata.org/wiki/Q11379	"énergie "	Energie	energy
"Enfance "	Q276258	https://www.wikidata.org/wiki/Q276258	Enfance	Kindheit	childhood
"Enthousiasme "	Q840407	https://www.wikidata.org/wiki/Q840407	enthousiasme	Enthusiasmus	enthusiasm
épicurisme	Q179541	https://www.wikidata.org/wiki/Q179541	épicurisme	Epikureismus	epicureanism
érotisme	Q3519050	https://www.wikidata.org/wiki/Q3519050	érotisme	Erotik	eroticism
"Esclavage "	Q8463	https://www.wikidata.org/wiki/Q8463	esclavage	Sklaverei	slavery
Espagne	Q29	https://www.wikidata.org/wiki/Q29	Espagne	Spanien	Spain
"Espèce "	Q7432	https://www.wikidata.org/wiki/Q7432	Espèce	Art	species
"Essai "	Q35760	https://www.wikidata.org/wiki/Q35760	Essai	Essay	essay
"esthétique "	Q35986	https://www.wikidata.org/wiki/Q35986	"esthétique "	Ästhetik	aesthetics
état	Q7275	https://www.wikidata.org/wiki/Q7275	état	Staat	state
"Europe "	Q46	https://www.wikidata.org/wiki/Q46	europe	Europa	europe
"Fable "	Q693	https://www.wikidata.org/wiki/Q693	fable	Fabel	fable
"Famille "	Q8436	https://www.wikidata.org/wiki/Q8436	famille	Familie	family
"Fanatisme "	Q489750	https://www.wikidata.org/wiki/Q489750	fanatisme	Fanatismus	fanatacism
"féminisme "	Q7252	https://www.wikidata.org/wiki/Q7252	"féminisme "	Feminismus	feminism
Femme de lettres	Q381353	https://www.wikidata.org/wiki/Q381353	"femme de lettres "	Briefkorrespondentin	woman of letters
féodalité	Q37739	https://www.wikidata.org/wiki/Q37739	féodalité	Feudalismus	feudalism
"fête "	Q200538	https://www.wikidata.org/wiki/Q200538	"fête "	Fest	party
finance	Q43015	https://www.wikidata.org/wiki/Q43015	Finance	Finanzen	finance
"foire "	Q288514	https://www.wikidata.org/wiki/Q288514	Foire	Jahrmarkt	fair
folie	Q505619	https://www.wikidata.org/wiki/Q505619	folie	Wahnsinn	insanity
"franc-maçonnerie "	Q41726	https://www.wikidata.org/wiki/Q41726	franc-maçonnerie	Freimaurerei	freemasonry
"France "	Q142	https://www.wikidata.org/wiki/Q142	"France "	Frankreich	"France "
génération	Q213381	https://www.wikidata.org/wiki/Q213381	génération	Generation	generation
"génie "	Q185030	https://www.wikidata.org/wiki/Q185030	"génie "	Genie	genius
"géographie "	Q1071	https://www.wikidata.org/wiki/Q1071	"géographie "	Geographie	Geography
"géologie "	Q1069	https://www.wikidata.org/wiki/Q1069	"géologie "	Geologie	geology
"géométrie "	Q8087	https://www.wikidata.org/wiki/Q8087	"géométrie "	Geometrie	geometry
"(art) gothique "	Q46825	https://www.wikidata.org/wiki/Q46825	(Art) gothique	Gotik	Gothic (art)
"goût "	Q1143012	https://www.wikidata.org/wiki/Q1143012	"goût "	Geschmack	taste
"Gouvernement "	Q7188	https://www.wikidata.org/wiki/Q7188	gouvernement	Regierung	government
"Grammaire "	Q8091	https://www.wikidata.org/wiki/Q8091	grammaire	Grammatik	grammar
"Grand Tour "	Q6682302	https://www.wikidata.org/wiki/Q6682302	Grand Tour	Grand Tour	Grand Tour
"Grotesque "	Q218248	https://www.wikidata.org/wiki/Q218248	Grotesque	Groteske	Grotesque
Guerre	Q198	https://www.wikidata.org/wiki/Q198	guerre	Krieg	war
paix	Q454	https://www.wikidata.org/wiki/Q454	paix	Frieden	peace
contingence	Q1359069	https://www.wikidata.org/wiki/Q1359069	contingence	Kontingenz	contingency
héros	Q162244	https://www.wikidata.org/wiki/Q162244	héros	Held	hero
"Histoire "	Q309	https://www.wikidata.org/wiki/Q309	histoire	Geschichte	history
"Histoire naturelle "	Q484591	https://www.wikidata.org/wiki/Q484591	Histoire naturelle	Naturgeschichte	Natural history
"Hollande "	Q55	https://www.wikidata.org/wiki/Q55	Pays-Bas	Niederlande	Netherlands
"Hongrie "	Q28	https://www.wikidata.org/wiki/Q28	Hongrie	Ungarn	Hungary
hôpital	Q16917	https://www.wikidata.org/wiki/Q16917	hôpital	Krankenhaus	hospital
temps	Q11471	https://www.wikidata.org/wiki/Q11471	temps	Zeit	time
idéal	Q840396	https://www.wikidata.org/wiki/Q840396	idéal	Ideal	ideal
"idée "	Q131841	https://www.wikidata.org/wiki/Q131841	"idée "	Idee	idea
idéologie	Q7257	https://www.wikidata.org/wiki/Q7257	idéologie	Ideologie	ideology
"idolâtrie "	Q840665	https://www.wikidata.org/wiki/Q840665	"idolâtrie "	Götze	Idolatry
Ile	Q23442	https://www.wikidata.org/wiki/Q23442	ile	Insel	island
"Illustration "	Q178659	https://www.wikidata.org/wiki/Q178659	"Illustration "	Illustration	"Illustration "
"Imagination "	Q34516	https://www.wikidata.org/wiki/Q34516	"Imagination "	Imagination	"Imagination "
"imitation "	Q1131737	https://www.wikidata.org/wiki/Q1131737	"Imitation "	Nachahmung	"Imitation "
"imprimerie "	Q11034	https://www.wikidata.org/wiki/Q11034	Imprimerie	Buchdruck	printing
"industrialisation "	Q202398	https://www.wikidata.org/wiki/Q202398	"Industrialisation "	Industrialisierung	industrialization
"inspiration "	Q196668	https://www.wikidata.org/wiki/Q196668	inspiration	Inspiration	Artistic inspiration
"intérêt "	Q170924	https://www.wikidata.org/wiki/Q170924	"intérêt "	Zins	interest
"ironie "	Q131361	https://www.wikidata.org/wiki/Q131361	ironie	Ironie	irony
"Islam "	Q432	https://www.wikidata.org/wiki/Q432	Islam	Islam	Islam
"Italie "	Q38	https://www.wikidata.org/wiki/Q38	Italie	Italien	Italy
"Japon "	Q17	https://www.wikidata.org/wiki/Q17	Japon	Japan	Japan
jardin	Q1107656	https://www.wikidata.org/wiki/Q1107656	jardin	Garten	garden
jésuite	Q63173086	https://www.wikidata.org/wiki/Q63173086	jésuite	Jesuit	jesuit
"journalisme "	Q11030	https://www.wikidata.org/wiki/Q11030	journalisme	Journalismus	journalism
"Judaïsme "	Q9268	https://www.wikidata.org/wiki/Q9268	"Judaïsme "	Judentum	Judaism
justice	Q105985	https://www.wikidata.org/wiki/Q105985	Pouvoir judicaire	Judikative	judiciary
"Prison "	Q40357	https://www.wikidata.org/wiki/Q40357	prison	Gefängnis	prison
laïcisation	Q3220108	https://www.wikidata.org/wiki/Q3220108	laïcisation		laicisation
laideur	Q1415055	https://www.wikidata.org/wiki/Q1415055	laideur	Hässlichkeit	ugliness
"difformité "	Q1182746	https://www.wikidata.org/wiki/Q1182746	"difformité "	Deformität	deformity
"langue "	Q34770	https://www.wikidata.org/wiki/Q34770	"langue "	Einzelsprache	language
"libéralisme "	Q6216	https://www.wikidata.org/wiki/Q6216	Libéralisme classique	Liberalismus	Classic liberalism
liberté	Q2979	https://www.wikidata.org/wiki/Q2979	liberté	Freiheit	liberty
libertinage	Q18915146	https://www.wikidata.org/wiki/Q18915146	libertinage	Libertinismus	libertinsime
"littérature clandestine "	Q3821764	https://www.wikidata.org/wiki/Q3821764	"Littérature clandestine "		Clandestine literature
livre	Q571	https://www.wikidata.org/wiki/Q571	livre	Buch	Book
lecture	Q199657	https://www.wikidata.org/wiki/Q199657	lecture	Lesen	lecture
"lumières "	Q2512021	https://www.wikidata.org/wiki/Q2512021	"lumières "	Vordenker der Aufklärung	lumières
"luxe "	Q10953913	https://www.wikidata.org/wiki/Q10953913	Luxe	Luxus	luxury
machine	Q11019	https://www.wikidata.org/wiki/Q11019	machine	Maschine	machine
"magnétisme "	Q3294789	https://www.wikidata.org/wiki/Q3294789	"magnétisme "	Magnetismus	magnetism
"masque "	Q161524	https://www.wikidata.org/wiki/Q161524	masque	Maske	mask
"matérialisme "	Q7081	https://www.wikidata.org/wiki/Q7081	"matérialisme "	Materialismus	materialism
mathématiques	Q395	https://www.wikidata.org/wiki/Q395	mathématiques	Mathematik	mathematics
mécanique	Q41217	https://www.wikidata.org/wiki/Q41217	mécanique	Mechanik	mechanics
"médecine "	Q11190	https://www.wikidata.org/wiki/Q11190	"médecine "	Medizin	medicine
"mélancolie "	Q192077	https://www.wikidata.org/wiki/Q192077	"mélancolie "	Melancholie	melancholia
métaphysique	Q35277	https://www.wikidata.org/wiki/Q35277	métaphysique	Metaphysik	metaphysics
migration	Q177626	https://www.wikidata.org/wiki/Q177626	migration	Migration	"human migration "
"minéralogie "	Q83353	https://www.wikidata.org/wiki/Q83353	"minéralogie "	Mineralogie	mineralogy
"Mobilier "	Q14745	https://www.wikidata.org/wiki/Q14745	mobilier	Möbel	furniture
mœurs	Q1115221	https://www.wikidata.org/wiki/Q1115221	mœurs	Sitte	mores
monade	Q12370437	https://www.wikidata.org/wiki/Q12370437	monade	Monade	monad
monstruosité	Q276453	https://www.wikidata.org/wiki/Q276453	monstruosité	Monster	monster
"montagne "	Q8502	https://www.wikidata.org/wiki/Q8502	montagne	Berg	mountain
"montgolfière "	Q1551574	https://www.wikidata.org/wiki/Q1551574	"montgolfière "	Heißluftballon	"hot air balloon "
"Monument "	Q4989906	https://www.wikidata.org/wiki/Q4989906	monument	Denkmal	monument
morale	Q48324	https://www.wikidata.org/wiki/Q48324	morale	Moral	morality
"mort "	Q4	https://www.wikidata.org/wiki/Q4	mort	Tod	death
"musée "	Q33506	https://www.wikidata.org/wiki/Q33506	"musée "	Museum	museum
"musique "	Q638	https://www.wikidata.org/wiki/Q638	musique	Musik	music
mystique	Q45996	https://www.wikidata.org/wiki/Q45996	mystique	Mystik	mysticism
mythologie	Q9134	https://www.wikidata.org/wiki/Q9134	mythologie	Mythologie	mythology
"nation "	Q6266	https://www.wikidata.org/wiki/Q6266	nation	Nation	nation
"nature "	Q7860	https://www.wikidata.org/wiki/Q7860	nature	Natur	nature
nécessité	Q2301186	https://www.wikidata.org/wiki/Q2301186	nécessité	Notwendigkeit	necessity
"néo-classicisme "	Q14378	https://www.wikidata.org/wiki/Q14378	"néo-classicisme "	Klassizismus	neoclassicism
"newtonianisme "	Q17123497	https://www.wikidata.org/wiki/Q17123497	newtonisme		Newtonianism
"noblesse "	Q134737	https://www.wikidata.org/wiki/Q134737	noblesse	Adel	nobility
"nuit "	Q575	https://www.wikidata.org/wiki/Q575	nuit	Nacht	night
observatoire	Q62832	https://www.wikidata.org/wiki/Q62832	observatoire	Observatorium	observatory
"opéra "	Q1344	https://www.wikidata.org/wiki/Q1344	"opéra "	Oper	opera
optimisme	Q485446	https://www.wikidata.org/wiki/Q485446	optimisme	Optimismus	optimism
pessimisme	Q484954	https://www.wikidata.org/wiki/Q484954	pessimisme	Pessimismus	pessimism
optique	Q14620	https://www.wikidata.org/wiki/Q14620	optique	Optik	optics
"oorganisation "	Q43229	https://www.wikidata.org/wiki/Q43229	Organisation	Organisation	organization
"orientalisme "	Q42865	https://www.wikidata.org/wiki/Q42865	orientalisme	Orientalismus	Orientalism
Orient	Q205653	https://www.wikidata.org/wiki/Q205653	orient	Orient	orient
"originalité "	Q2914681	https://www.wikidata.org/wiki/Q2914681	"originalité "	Originalität	originality
alimentation	Q213449	https://www.wikidata.org/wiki/Q213449	alimentation	Essen	eating
"pantomime "	Q13409536	https://www.wikidata.org/wiki/Q13409536	pantomime	Englische Pantomime	pantomime
"parade "	Q657449	https://www.wikidata.org/wiki/Q657449	défilé	Parade	parade
paradoxe	Q483372	https://www.wikidata.org/wiki/Q483372	paradoxe	Paradoxon	paradox
parodie	Q170539	https://www.wikidata.org/wiki/Q170539	parodie	Parodie	parody
"passion  "	Q335046	https://www.wikidata.org/wiki/Q335046	Passion	Leidenschaft	passion
patriotisme	Q6241	https://www.wikidata.org/wiki/Q6241	patriotisme	Patriotismus	patriotism
paysage	Q107425	https://www.wikidata.org/wiki/Q107425	paysage	Landschaft	landscape
"paysannerie "	Q838811	https://www.wikidata.org/wiki/Q838811	"paysannerie "	Landarbeiter	farmer
pédagogie	Q7922	https://www.wikidata.org/wiki/Q7922	pédagogie	Pädagogik	pedagogy
"peinture "	Q3305213	https://www.wikidata.org/wiki/Q3305213	peinture	Gemälde	painting
perfectibilité	Q378701	https://www.wikidata.org/wiki/Q378701	perfection	Vollkommenheit	perfection
"perspective "	Q1900281	https://www.wikidata.org/wiki/Q1900281	perspective	Perspektive	perspective
"peuple "	Q2472587	https://www.wikidata.org/wiki/Q2472587	peuple	Volk	people
philosophie	Q5891	https://www.wikidata.org/wiki/Q5891	philosophie	Philosophie	philosophy
"physiognomonie "	Q841933	https://www.wikidata.org/wiki/Q841933	physiognomonie	Physiognomie	physiognomy
"physiologie "	Q521	https://www.wikidata.org/wiki/Q521	physiologie	Physiologie	physiology
"physique expérimentale "	Q18366	https://www.wikidata.org/wiki/Q18366	"physique expérimentale "	Experimentalphysik	Experimental physics
"piétisme "	Q193664	https://www.wikidata.org/wiki/Q193664	"piétisme "	Pietismus	Pietism
"pittoresque "	Q1627825	https://www.wikidata.org/wiki/Q1627825	pittoresque	Picturesque	picturesque
poésie	Q482	https://www.wikidata.org/wiki/Q482	poésie	Poesie	poetry
"police "	Q35535	https://www.wikidata.org/wiki/Q35535	police	Polizei	police
"Pologne "	Q36	https://www.wikidata.org/wiki/Q36	Pologne	Polen	Poland
"portrait "	Q134307	https://www.wikidata.org/wiki/Q134307	portrait	Porträt	portrait
port	Q44782	https://www.wikidata.org/wiki/Q44782	Port	Hafen	port
Portugal	Q45	https://www.wikidata.org/wiki/Q45	Portugal	Portugal	Portugal
"pouvoir "	Q25107	https://www.wikidata.org/wiki/Q25107	pouvoir	Macht	power
préjugé	Q179742	https://www.wikidata.org/wiki/Q179742	préjugé	Vorurteil	prejudice
probabilié	Q9492	https://www.wikidata.org/wiki/Q9492	probabilié	Wahrscheinlichkeit	probability
"progrès "	Q247792	https://www.wikidata.org/wiki/Q247792	"progrès "	Fortschritt	progress
propriété	Q1400881	https://www.wikidata.org/wiki/Q1400881	propriété	Eigentum	property
"protestantisme "	Q23540	https://www.wikidata.org/wiki/Q23540	protestanisme	Protestantismus	Protestanism
"proverbe "	Q35102	https://www.wikidata.org/wiki/Q35102	proverbe	Sprichwort	proverb
"providence "	Q866338	https://www.wikidata.org/wiki/Q866338	providence	Vorsehung	providence
"raison "	Q178354	https://www.wikidata.org/wiki/Q178354	raison	Vernunft	reason
"religion "	Q9174	https://www.wikidata.org/wiki/Q9174	religion	Religion	religion
"République des Lettres "	Q449359	https://www.wikidata.org/wiki/Q449359	"République des Lettres "	Res publica literaria	Republic of Letters
"rêve "	Q36348	https://www.wikidata.org/wiki/Q36348	"rêve "	Traum	dream
"révolution "	Q10931	https://www.wikidata.org/wiki/Q10931	"révolution "	Revolution	revolution
"rhétorique "	Q81009	https://www.wikidata.org/wiki/Q81009	"rhétorique "	Rhetorik	rhetoric
rire	Q170579	https://www.wikidata.org/wiki/Q170579	rire	Lachen	laughter
"Rococo "	Q122960	https://www.wikidata.org/wiki/Q122960	Rococo	Rokoko	Rococo
"roman "	Q8261	https://www.wikidata.org/wiki/Q8261	roman	Roman	novel
"roman noir "	Q1940294	https://www.wikidata.org/wiki/Q1940294	roman noir	Roman noir	Novel noir
ruine	Q109607	https://www.wikidata.org/wiki/Q109607	ruine	Ruine	ruins
"rumeur "	Q878352	https://www.wikidata.org/wiki/Q878352	rumeur	Gerücht	rumor
"Russie "	Q159	https://www.wikidata.org/wiki/Q159	Russie	Russland	Russia
salon	Q576342	https://www.wikidata.org/wiki/Q576342	salon	literarischer Salon	salon
"satire "	Q128758	https://www.wikidata.org/wiki/Q128758	satire	Satire	satire
"science "	Q336	https://www.wikidata.org/wiki/Q336	science	Wissenschaft	science
"sculpture "	Q860861	https://www.wikidata.org/wiki/Q860861	sculpture	Skulptur	sculpture
"sensibilité "	Q1195509	https://www.wikidata.org/wiki/Q1195509	"sensibilité "	Sinnlichkeit	sensibility
"sensualisme "	Q651205	https://www.wikidata.org/wiki/Q651205	sensualisme	Sensualismus	sensualism
sexualité	Q4042967	https://www.wikidata.org/wiki/Q4042967	sexualité	Sexualität	sexuality
sociabilité	Q366435	https://www.wikidata.org/wiki/Q366435	sociabilité	Soziabilität	sociability
"soldat "	Q4991371	https://www.wikidata.org/wiki/Q4991371	soldat	Soldat	soldier
"système solaire "	Q544	https://www.wikidata.org/wiki/Q544	"système solaire "	Sonnensystem	Solar system
"sorcellerie "	Q259745	https://www.wikidata.org/wiki/Q259745	sorcellerie	Zauberei	witchcraft
statistique	Q12483	https://www.wikidata.org/wiki/Q12483	statistique	Statistik	statistics
"sublime "	Q999803	https://www.wikidata.org/wiki/Q999803	sublime	Das Erhabene	sublime
"Suède "	Q34	https://www.wikidata.org/wiki/Q34	"Suède "	Schweden	Sweden
"Suisse "	Q39	https://www.wikidata.org/wiki/Q39	Suisse	Schweiz	Switzerland
"technique "	Q2695280	https://www.wikidata.org/wiki/Q2695280	"Technique "	Technik	"Technique "
terre	Q2	https://www.wikidata.org/wiki/Q2	Terre	Erde	Earth
terreur	Q13648784	https://www.wikidata.org/wiki/Q13648784	terreur	Terror	terror
théâtre	Q11635	https://www.wikidata.org/wiki/Q11635	théâtre	Theater	theater
"théologie "	Q34178	https://www.wikidata.org/wiki/Q34178	"théologie "	Theologie	theology
"tolérance "	Q183225	https://www.wikidata.org/wiki/Q183225	"tolérance "	Toleranz	Toleration
"tradition "	Q82821	https://www.wikidata.org/wiki/Q82821	Tradition	Tradition	tradition
"traduction "	Q7553	https://www.wikidata.org/wiki/Q7553	Traduction	Übersetzung	translation
"tragédie "	Q80930	https://www.wikidata.org/wiki/Q80930	"tragédie "	Tragödie	tragedy
"transport "	Q7590	https://www.wikidata.org/wiki/Q7590	transport	Verkehr	transport
"travail "	Q6958747	https://www.wikidata.org/wiki/Q6958747	Travail	Arbeit	work
"urbanisme "	Q59950	https://www.wikidata.org/wiki/Q59950	Urbanisme	Urbanistik	urbanism
utilitarisme	Q160590	https://www.wikidata.org/wiki/Q160590	utilitarisme	Utilitarismus	utilitarianisme
"utopie "	Q131156	https://www.wikidata.org/wiki/Q131156	utopie	Utopie	utopia
"vertu "	Q157811	https://www.wikidata.org/wiki/Q157811	vertu	Tugend	virtue
ville	Q515	https://www.wikidata.org/wiki/Q515	ville	Stadt	city
volcanisme	Q505748	https://www.wikidata.org/wiki/Q505748	volcan	Vulkanismus	volcano
voyage	Q61509	https://www.wikidata.org/wiki/Q61509	voyage	Reise	travel
zoologie	Q431	https://www.wikidata.org/wiki/Q431	zoologie	Zoologie	zoology
richesse	Q200535	https://www.wikidata.org/wiki/Q200535	wealth	Reichtum	richesse
destin	Q216774	https://www.wikidata.org/wiki/Q216774	destin	Schicksal	destiny
monarchie	Q7269	https://www.wikidata.org/wiki/Q7269	monarchy	Monarchie	monarchie
relation amoureuse	Q1189047	https://www.wikidata.org/wiki/Q1189047	romantic love	Liebesbeziehung	"relation amoureuse "
sentiment	Q205555	https://www.wikidata.org/wiki/Q205555	feeling	Gefühl	sentiment
Locus amoenus	Q739317	https://www.wikidata.org/wiki/Q739317	"Locus amoenus "	Locus amoenus	"Locus amoenus "
enfance	Q276258	https://www.wikidata.org/wiki/Q276258	"childhood "	Kindheit	enfance
interaction	Q52948	https://www.wikidata.org/wiki/Q52948	interaction	Interaktion	interaction
