Seklit	DEL
Leidenschaft	Aufgeklärter Absolutismus
Liebe	Wortmissbrauch
Ungleichheit	Französische Akademie
Natur	Königliche Akademie der Wissenschaften von Paris
Kultur	Malerei-Akademien
Korruption	Akademien in Europa
Sprache	Provinzial-Akademien
Erinnerungsarbeit	Geburt
Bekehrung	Akustik
Ursprung (aka Naturzustand)	Schauspieler und Komödianten
Ende	Verwaltung
Schuld	Affinität
Unschuld	Afrika
Urteil	Landwirtschaft
Freispruch	Agronomie und Landwirtschaft
Rousseus_Leben	Alchemie
Güte	Algebra
Missverständnis	Ernährung
Stellungnahme	Allegorie
Wahrhaftigkeit	Deutschland
Ungerechtigkeit	Deutschland und das Heilige Römische Reich
Feindseligkeit	Nordamerika
Kindheit	Lateinamerika
Identität	Liebe
Einsamkeit	Anarchie
Fremdheit	Anatomie
Urschuld	Altertum und Moderne
Liebesbeziehung	England
Tugendhaftigkeit	Gegenaufklärung
Gemeinwohl	Antik
Empfindungsreichtum	Apologetik
Sittlichkeit	Archäologie
Vermögensverhältnisse	Architektur
Volk	Armee
Leben der Menschen	Künstlerin
Stadtleben	Astronomie
Charakterwandel	Atelier
Missverständnisse/Ungleichheiten/Gegensätze	Atheismus
Freiheit/befreite Gesellschaft	Anziehungskraft
Sentimentalität	Autobiographie
moralischer Verfall	Automat
menschenfeindliche Gesellschaftskrise	Politische Autorität, Regierung, Macht
Missstände	Abenteurer
Pflicht	Ballistik
Neigung	Balkanländer
Tugend	Banken
Verlangen	Barbarisch, wild
harmonisierende Gesellschaft	Barbarisch, wild (Darstellungen der)
Wirtschaft/Vermögen	Barock
einfache Ereignisse	Wunderschön
Wirklichkeit	Bibel
Politik	Bibliophilie
Staat	Bibliothek
Allgemeinwille	Wohltätigkeitsorganisation
Gesellschaftsideal	Bonheur
bürgerlich-pjebejische Grundsätze	Botanik
bürgerliche Gesellschaft	Boudoir
Idealismus	Witzbolde
Kunst	Berufsbourgeoisie, Talente
Positivität	Bürokratie, Verwaltung
harmonisierte Gesellschaft	Wissenschaftliche Kabinette, Kuriositätenkabinette
Abenteuer	Cafés
Seele	Kanäle
soziale Harmonie	Kapitalismus
Gesellschaftsbeziehungen	Karikatur
Aufklärung	Karten und Pläne
bürgerliche Emanzipation	Kastrat
Gesellschaftsprobleme	Katholizismus
Ständebefreiung	Zensur
mittelalterlich-religiöses Leben	Wärme
Empfindsamkeit	Lied
Gefühle	Chemie
Moralisieren	China
soziale Integration	Chirurgie
Schicksal(e)	Bürger
bessere Welt	Zivilisation, Zivilität
Natürlichkeit/Natur	Soziale Schichten
tahitianisches Volk	Klassizismus, Klassizismus
Gemeineigentum	Klassifikation
Lösung von Gesellschaftsproblemen	Geistliche
persönliche Problematik	Sammlung, Neugierde
Leiden	Kolonialismus
Flucht	Hausierer
(Regel-)Zwang	Komödie
seelische Verkrüppelung	Schauspieler
moralische Verderbnis	Commedia dell'arte
Heuchelei	Handel
Betrug	Dorfgemeinschaften
Aberglaube	Konfraternitäten
Neid	Erzählung
Boshaftigkeit	Sozialvertrag
Tyrannei	Gegenrevolution
Individualisierung	Kontrapunkt
Willenskraft	Gespräch
Unbeugsamkeit	Unternehmen und Handelsgemeinschaft
Rechtsempfinden	Körper 
Rebellion	Korpuskel
Mortalität	Korrespondenz
Humanität	Literarische Korrespondenz
Mensch	Kosmopolitismus
Moral	Baumwolle, bemalte Leinwand
Menschengeschlecht	Farbe
menschliches Herz	Gericht
wirklichkeitsbezogene Kunst	Kredit, Banken
moralisch zu verurteilendes Subjekt	Kritik 
Auseinandersetzung mit/Distanzierung zum Helden	Kunstkritik
Auflösung des Ancien régime	Kritik an den Fabeln
aufklärerische Werte vs. Verachtung sittlicher Werte	Musik-Kritik
zerfallende Feudalgesellschaft	Populäre Kultur
gesellschaftliche Widersprüche	Dänemark
gesellschaftliche Entwicklung	Tanz
einfaches Volk	Entchristianisierung, Säkularisierung
bäuerliche Liebesgeschichten	Dekoration
bürgerliches Milieu	Déisme
moralische Fragen	Demographie
tatsächliche Begebenheiten	Zeichnung
sozialer Aufstieg (der plebejischen Schicht)	Teufel
Ancien régime	Dialog
Verfolgung	Wörterbuch
Kollektivismus	Gott
Individualismus	Dilettantin
Unglück	Hausbedienstete
gesellschaftliche Kernfragen	Zweifel, Skepsis, Pyrrhonismus
Phantasiewelt	Drama
Religion	Naturrecht und Menschenrechte
Gesellschaft	Öffentliches Recht
Problem	Dynamik
Reisen	Handel
Sklaverei	Eklektizismus
existierende gesellschaftliche Erscheinungen	Politische Ökonomie
Sklavenelend	Schottland
Zuckerverbrauch in Europa	Bildung, Unterricht und Pädagogik
christliche Missionstätigkeit	Gleichheit und Ungleichheit
Geld	Ägyptomanie
Geschäft	Elektrizität
Kloster	Eloquenz
Lächerliches	Empirismus
Absurdes	Enzyklopädie
Abstoßendes	Energie
Vernunft	Kindheit
Demokratie	Technische Ausbildung
Entdeckungsreisen	Begeisterung
Suche	Epikureanismus
utopische Gesellschaft	Erotik
aristokratische Märchenwelt	Sklaverei
(eigene) Wirklichkeit	Spanien und Portugal
Gesellschaftskritik (d. Aristokratie)	Arten
Bulle Unigenitus	Aufsatz
Erotisierung	Ästhetik
Gesellschaftsproblematik	Staat
zeitgenössische Probleme	Sterne
Selbstverständigung	Etruskisch
(Relativität der) menschliche(n) Existenz	Europa
Existenzfragen/Bestimmung des Menschen	Exklusiv
Errichtung der Welt	Fabel
Kritik	Familie
Mitgefühl	Fanatismus
ökonomische Probleme	Schriftstellerinnen und Feminismus
(physiokratische) Reformpläne	Feudalität
Gesellschaftskritik	Fest
Krieg	Finanzen
Machtmissbrauch	Messe
religiöser Fanatismus	Messen und Märkte
(moralische) Heuchelei	Wahnsinn
Justizgreuel	Funktion
Verschwendungssucht	Kraft
Ungerechtigkeit/ungerechte Besteuerung	Befestigung
Hoffnungslosigkeit	Freimaurerei
soziale Not	Frankreich
Manipulation/Geldwäsche	Gas
Zufall	Generation
wechselvolle Lebenswege	Technik
gesellschaftliche Wirklichkeit	Geographie
Individuum	Geologie
Unwahrscheinlichkeiten	Geometrie
Selbstironie	Gotisch
Gegenüberstellung von Tradition und Realität	Geschmack
allgemeine Probleme	Regierung
Schicksal	Grammatik
Glück	Grand Tour
Theorie	Gravur
Ordnung der Welt	Grotesk
Theodizee	Krieg, Frieden
Kulturkritik	Harmonie und Melodie
Sittenverfall	Zufall, Notwendigkeit
Natur-Kultur-Gegensatz	Helden
Freundschaft	Geschichte
Selbstmord	Naturgeschichte
verkannte Liebe	Holland
Stände	Ungarn
soziale Ungleichheit	Krankenhäuser
Fortschrittskritik	Uhrmacherei
Ökonomie	Hydrographie
Reform	Ideal, ideales Modell
Reformpläne	Idee
Universum	Ideologie und Ideologen
anthropozentrisches Weltbild	Götzendienst
Frauen	Insel
Revolte	Illuminismus und Theosophie
Selbstrechtfertigung	Abbildung
Gleichheit	Vorstellungskraft
Gemeinschaftsbesitz	Nachahmung
Bürgertum	Drucken
	Industrialisierung
Fleiß	Besorgnis
Trauer	Inspiration
Mythologie	Anweisung
Eleganz	Musikinstrumente
Präzision	Haushalterschaft
Weltanschauung	Interesse
Utopie (→ Ideal? 388; 766: Utopie schon drin)	Ironie
Eldorado	Islam
Zukunft	Italien
Dystopie	Jansenismus
gestörte Harmonie	Japan
psychologische Fragen	Garten des Königs
Selbstdarstellung	Gärten
Enthüllung	Jesuiten
Sadismus	Zeitungen und Journalismus
Eitelkeit	Judentum
Emigration	Justiz und Gefängnisse
Grausamkeiten	Säkularisierung
Verbrechen	Hässlichkeit, Missbildung
Schrecken	Sprache
Laster	Tränen
Verlies	Liberalismus
Exotik	Freiheit
Philosophie	Libertinage
Schönheit	Klandestine Literatur
Alltag	Buch, Lesen
Unfreiheit	Aufklärung
(Selbst-)Reflexion	Luxus
Egoismus	Maschine
Das Gute	Magnetismus
Verachtung	Maske
Wahrheit	Materialismus
Liebesabenteuer	Mathematik
Kirche	Analytische Mechanik
historische Wirklichkeit	Mechanismus
Belohnung	Böse
Bestrafung	Medizin
Autorität	Drogen
Gewissheit	Melancholie
Allgemeinwohl	Melodie
Verspottung	Mesmerismus
Dummheit	Maßnahme
Christentum	Metaphysik
Fastenzeit	Migration und Mobilität
Vergnügen	Mineralogie
Faulheit	Miniaturansicht
Despotismus	Möbel
Relativismus	Moderation
Erziehung	Sitten
Entmachtung	Monadologie
Rollentausch	Monster
(soziales) Verhalten	Berg
Verstand	Heißluftballon
Aussehen	Denkmal
Anstand	Moral und Moralvorstellungen
Leistung/Effizienz	Tod
Eifersucht	Museum
Angst	Musik
Hass	Mystik
Himmel	Mythologie
Gier	Nation
Gewalt	Natur
Schlechtes	Notwendigkeit
Sünde	Neoklassizismus
Naturkatastrophe	Newtonismus
Paradies	Adel
sexueller Missbrauch	Wirtschaftsadel
Desillusion	Nacht
Kriminalität	Observatorien und Beobachtungsinstrumente
Krankheit	Oper
Prostitution	Opéra-comique
Konkurrenz	Optimismus, Pessimismus
Sittenlosigkeit	Optik, Licht
Sodomie	Ordnungen und Klassen
Steuerfreiheit	Organisation
Volksbewaffnung	Orient, Orientalismus
Tapferkeit	Originalität
Katastrophe	Brot
femme fatale	Frieden
Fantastik	Palladianismus
Bukolik	Pantomime
Paris	Parade
Inzest	Paradoxon
Uchronie	Parlamente
Welt	Parodie
Gelehrsamkeit	Leidenschaften
Sinne / Wahrnehmung	Patriotismus
Fiktion	Landschaft
	Bauern, Bäuerinnen und Bauern
	Pädagogik
	Malerei
	Vollkommenheit
	Persiflage
	Perspektive
	Pessimismus
	Menschen
	Philosoph
	Deutsche Philosophie
	Phlogistik
	Physiokratie
	Physiognomie
	Physiologie
	Experimentelle Physik
	Pietismus
	Malerisch
	Poesie in Europa
	Poesie in Frankreich
	Polizei
	Polen
	Porträt
	Häfen
	Portugal
	Macht
	Vorurteile
	Aufgeklärter Fürst, aufgeklärter Absolutismus
	Gefängnis
	Wahrscheinlichkeiten
	Fortschritt
	Prometheus
	Eigentum, Eigentümer
	Protestantismus
	Sprichwort
	Vorsehung
	Pygmalion
	Pyrrhonismus
	Vernunft
	Regeln
	Regelmäßig, säkular
	Volksreligion
	Republik der Gelehrten
	Traum
	Träumerei
	Revolution
	Rhetorik
	Lachen
	Rokoko
	Roman
	Roman noir 
	Ruinen
	Gerücht
	Russland
	Malerei-Salon
	Salons
	Satire
	Ungezähmt
	Skepsis
	Wissenschaft
	Skulptur
	Empfindsamkeit
	Sinnlichkeit
	Sexualität
	Jahrhundert
	Silhouette, Schnitt
	Geselligkeit
	Sokrates
	Soldat
	Sonne und Sonnensystem
	Zauberei
	Statistik, Wahrscheinlichkeiten
	Erhaben
	Schweden
	Schweiz
	Technik
	Erde (Form der)
	Terror
	Theater und Szenographie
	Theologie
	Theosophie
	Thermometrie
	Toleranz
	Gräber
	Tradition
	Übersetzung
	Tragödie
	Verkehr
	Arbeit
	Städtebau
	Nützlich
	Utopie
	Vaudeville
	Tugend
	Städte und Stadtentwicklung
	Vulkan
	Reisen und Reisende
	Zoologie
